"Nombre","Apellido"
"María  ","Rodríguez  "
"José  ","López  "
"Ana  ","García  "
"Luis  ","Martínez  "
"Carmen  ","Sánchez  "
"Miguel  ","Pérez  "
"Laura  ","Gómez  "
"Pedro  ","Fernández  "
"Rosa  ","Díaz  "
"Carlos  ","Álvarez  "
"Elena  ","Torres  "
"Javier  ","Ramírez  "
"Marta  ","Flores  "
"Antonio  ","Cruz  "
"Isabel  ","Herrera  "
"Francisco  ","Romero  "
"Teresa  ","Ruiz  "
"Manuel  ","Moreno  "
"Raquel  ","Ortiz  "
"Jorge  ","Gutiérrez  "
"Patricia  ","Jiménez  "
"Ricardo  ","Castro  "
"Nuria  ","Soto  "
"Ramón  ","Silva  "
"Sonia  ","Vargas  "
"Alfonso  ","Rojas  "
"Silvia  ","Mendoza  "
"Roberto  ","Guerrero  "
"Lucía  ","Aguilar  "
"Fernando  ","Morales  "
"Alicia  ","Molina  "
"Andrés  ","Castillo  "
"Clara  ","Ríos  "
"Sergio  ","Campos  "
"Julia  ","Delgado  "
"Enrique  ","Reyes  "
"Beatriz  ","Ramos  "
"Julio  ","Serrano  "
"Eva  ","Méndez  "
"Adrián  ","Valdez  "
"Sandra  ","Peña  "
"Alberto  ","Sandoval  "
"Irene  ","Navarro  "
"Pablo  ","Maldonado  "
"Carmen  ","Vega  "
"Marcos  ","Soto  "
"Cristina  ","Paredes  "
"Rafael  ","Cabrera  "
"Begoña  ","Espinoza  "
"Santiago  ","Bautista  "
"Pilar  ","Cárdenas  "
"Daniel  ","Salazar  "
"Ángela  ","Vázquez  "
"Vicente  ","Orozco  "
"Marta  ","Ponce  "
"Hugo  ","Solís  "
"Yolanda  ","Aguilera  "
"Diego  ","Escobar  "
"Alicia  ","Domínguez  "
"Mario  ","Luna  "
"Nuria  ","Medina  "
"Gonzalo  ","Guzmán  "
"Isabel  ","Chávez  "
"Óscar  ","Fuentes  "
"Rosa  ","Soto  "
"Alfredo  ","Campos  "
"Inés  ","Flores  "
"Arturo  ","Paredes  "
"Paula  ","Rojas  "
"Samuel  ","Mendoza  "
"Laura  ","Guerrero  "
"Joaquín  ","Morales  "
"Sonia  ","Castillo  "
"Raúl  ","Vargas  "
"Andrea  ","Herrera  "
"Eduardo  ","Ramírez  "
"Teresa  ","Ruiz  "
"Felipe  ","Gutiérrez  "
"Beatriz  ","Jiménez  "
"Mateo  ","Castro  "
"Elena  ","Silva  "
"Iván  ","Torres  "
"Patricia  ","Reyes  "
"Julián  ","Cabrera  "
"Lucía  ","Romero  "
"Rubén  ","Serrano  "
"Silvia  ","Ríos  "
"Hugo  ","Reyes  "
"Irene  ","Delgado  "
"Leandro  ","Ramos  "
"Clara  ","Serrano  "
"Damián  ","Méndez  "
"Ana  ","Valdez  "
"Álvaro  ","Peña  "
"Eva  ","Sandoval  "
"Cristian  ","Navarro  "
"Carmen  ","Maldonado  "
"David  ","Vega  "
"Marta  ","Soto  "
"Ezequiel  ","Paredes  "
"Begoña  ","Cabrera  "
"Ernesto  ","Espinoza  "
"Julia  ","Bautista  "
"César  ","Cárdenas  "
"Yolanda  ","Salazar  "
"Martín  ","Vázquez  "
"Alicia  ","Orozco  "
"Rafael  ","Ponce  "
"Raquel  ","Solís  "
"Gabriel  ","Aguilera  "
"Sandra  ","Escobar  "
"Víctor  ","Domínguez  "
"Nuria  ","Luna  "
"Ismael  ","Medina  "
"Inés  ","Guzmán  "
"Juan  ","Chávez  "
"Sonia  ","Fuentes  "
"Adrián  ","Soto  "
"Elena  ","Campos  "
"Guillermo  ","Flores  "
"Beatriz  ","Paredes  "
"Félix  ","Rojas  "
"Laura  ","Mendoza  "
"Marcelo  ","Guerrero  "
"Patricia  ","Morales  "
"Ricardo  ","Castillo  "
"Marta  ","Vargas  "
"Teodoro  ","Herrera  "
"Silvia  ","Ramírez  "
"Manuel  ","Ruiz  "
"Lucía  ","Gutiérrez  "
"Jesús  ","Jiménez  "
"Clara  ","Castro  "
"Nicolás  ","Silva  "
"Carmen  ","Torres  "
"Luis  ","Reyes  "
"Eva  ","Cabrera  "
"Álvaro  ","Romero  "
"Teresa  ","Serrano  "
"Joaquín  ","Ríos  "
"Elena  ","Reyes  "
"Roberto  ","Delgado  "
"Yolanda  ","Ramos  "
"Andrés  ","Serrano  "
"Patricia  ","Méndez  "
"Miguel  ","Valdez  "
"Inés  ","Peña  "
"Fernando  ","Sandoval  "
"Raquel  ","Navarro  "
"Santiago  ","Maldonado  "
"Marta  ","Vega  "
"Eduardo  ","Soto  "
"Begoña  ","Paredes  "
"Antonio  ","Cabrera  "
"Sandra  ","Espinoza  "
"Rodrigo  ","Bautista  "
"Nuria  ","Cárdenas  "
"Pablo  ","Salazar  "
"Julia  ","Vázquez  "
"Vicente  ","Orozco  "
"Laura  ","Ponce  "
"Ernesto  ","Solís  "
"Beatriz  ","Aguilera  "
"Javier  ","Escobar  "
"Alicia  ","Domínguez  "
"Marcos  ","Luna  "
"Clara  ","Medina  "
"Iván  ","Guzmán  "
"Marta  ","Chávez  "
"Rubén  ","Fuentes  "
"Ana  ","Soto  "
"Daniel  ","Campos  "
"Eva  ","Flores  "
"Federico  ","Paredes  "
"Carmen  ","Rojas  "
"Francisco  ","Mendoza  "
"Irene  ","Guerrero  "
"Mateo  ","Morales  "
"Silvia  ","Castillo  "
"José  ","Vargas  "
"Yolanda  ","Herrera  "
"Felipe  ","Ramírez  "
"Nuria  ","Ruiz  "
"Hugo  ","Gutiérrez  "
"Teresa  ","Jiménez  "
"Gabriel  ","Castro  "
"Julia  ","Silva  "
"Diego  ","Torres  "
"Beatriz  ","Reyes  "
"Alberto  ","Cabrera  "
"Alicia  ","Romero  "
"Rafael  ","Serrano  "
"Clara  ","Ríos  "
"Ezequiel  ","Reyes  "
"Marta  ","Delgado  "
"Juan  ","Ramos  "
"Elena  ","Serrano  "
"Cristian  ","Méndez  "
"Raquel  ","Valdez  "
"Arturo  ","Peña  "
"Patricia  ","Sandoval  "
"Samuel  ","Navarro  "
"Laura  ","Maldonado  "
"Raúl  ","Vega  "
"Inés  ","Soto  "
"Mateo  ","Paredes  "
"Marta  ","Cabrera  "
"Joaquín  ","Espinoza  "
"Eva  ","Bautista  "
"Iván  ","Cárdenas  "
"Nuria  ","Salazar  "
"Ricardo  ","Vázquez  "
"Clara  ","Orozco  "
"Marcelo  ","Ponce  "
"Alicia  ","Solís  "
"Hugo  ","Aguilera  "
"Yolanda  ","Escobar  "
"Teodoro  ","Domínguez  "
"Carmen  ","Luna  "
"Roberto  ","Medina  "
"Beatriz  ","Guzmán  "
"Jesús  ","Chávez  "
"Elena  ","Fuentes  "
"Ernesto  ","Soto  "
"Ana  ","Campos  "
"Félix  ","Flores  "
"Marta  ","Paredes  "
"Manuel  ","Rojas  "
"Patricia  ","Mendoza  "
"Damián  ","Guerrero  "
"Laura  ","Morales  "
"Adrián  ","Castillo  "
"Julia  ","Vargas  "
"Guillermo  ","Herrera  "
"Silvia  ","Ramírez  "
"Martín  ","Ruiz  "
"Lucía  ","Gutiérrez  "
"Víctor  ","Jiménez  "
"Inés  ","Castro  "
"Gabriel  ","Silva  "
"Begoña  ","Torres  "
"Juan  ","Reyes  "
"Clara  ","Cabrera  "
"Nicolás  ","Romero  "
"Sandra  ","Serrano  "
"Luis  ","Ríos  "
"Marta  ","Reyes  "
"Pablo  ","Delgado  "
"Teresa  ","Ramos  "
"Daniel  ","Serrano  "
"Alicia  ","Méndez  "
"Marcelo  ","Valdez  "
"Nuria  ","Peña  "
"César  ","Sandoval  "
"Raquel  ","Navarro  "
"Alberto  ","Maldonado  "
"Elena  ","Vega  "
"Vicente  ","Soto  "
"Beatriz  ","Paredes  "
"Rodrigo  ","Cabrera  "
"Eva  ","Espinoza  "
"Álvaro  ","Bautista  "
"Patricia  ","Cárdenas  "
"Gabriel  ","Salazar  "
"Julia  ","Vázquez  "
"Rafael  ","Orozco  "
"Clara  ","Ponce  "
"Andrés  ","Solís  "
"Marta  ","Aguilera  "
"Joaquín  ","Escobar  "
"Inés  ","Domínguez  "
"Federico  ","Luna  "
"Carmen  ","Medina  "
"Ismael  ","Guzmán  "
"Elena  ","Chávez  "
"Ernesto  ","Fuentes  "
"Silvia  ","Soto  "
"Félix  ","Campos  "
"Laura  ","Flores  "
"Hugo  ","Paredes  "
"Begoña  ","Rojas  "
"Mateo  ","Mendoza  "
"Nuria  ","Guerrero  "
"Francisco  ","Morales  "
"Alicia  ","Castillo  "
"Adrián  ","Vargas  "
"Yolanda  ","Herrera  "
"José  ","Ramírez  "
"Beatriz  ","Ruiz  "
"Raúl  ","Gutiérrez  "
"Clara  ","Jiménez  "
"Jesús  ","Castro  "
"Marta  ","Silva  "
"Iván  ","Torres  "
"Sandra  ","Reyes  "
"David  ","Cabrera  "
"Teresa  ","Romero  "
"Teodoro  ","Serrano  "
"Elena  ","Ríos  "
"Martín  ","Reyes  "
"Eva  ","Delgado  "
"Eduardo  ","Ramos  "
"Inés  ","Serrano  "
"César  ","Méndez  "
"Laura  ","Valdez  "
"Rubén  ","Peña  "
"Silvia  ","Sandoval  "
"Vicente  ","Navarro  "
"Alicia  ","Maldonado  "
"Ernesto  ","Vega  "
"Marta  ","Soto  "
"Alberto  ","Paredes  "
"Begoña  ","Cabrera  "
"Federico  ","Espinoza  "
"Julia  ","Bautista  "
"Joaquín  ","Cárdenas  "
"Nuria  ","Salazar  "
"Gabriel  ","Vázquez  "
"Clara  ","Orozco  "
"Hugo  ","Ponce  "
"Sandra  ","Solís  "
"Rafael  ","Aguilera  "
"Elena  ","Escobar  "
"Rodrigo  ","Domínguez  "
"Patricia  ","Luna  "
"Iván  ","Medina  "
"Teresa  ","Guzmán  "
"Andrés  ","Chávez  "
"Marta  ","Fuentes  "
"Félix  ","Soto  "
"Inés  ","Campos  "
"Adrián  ","Flores  "
"Carmen  ","Paredes  "
"Teodoro  ","Rojas  "
"Laura  ","Mendoza  "
"Ismael  ","Guerrero  "
"Yolanda  ","Morales  "
"Eduardo  ","Castillo  "
"Alicia  ","Vargas  "
"Martín  ","Herrera  "
"Beatriz  ","Ramírez  "
"Jesús  ","Ruiz  "
"Eva  ","Gutiérrez  "
"Raúl  ","Jiménez  "
"Clara  ","Castro  "
"Francisco  ","Silva  "
"Elena  ","Torres  "
"Daniel  ","Reyes  "
"Patricia  ","Cabrera  "
"Rubén  ","Romero  "
"Marta  ","Serrano  "
"Federico  ","Ríos  "
"Inés  ","Reyes  "
"Alberto  ","Delgado  "
"Julia  ","Ramos  "
"Joaquín  ","Serrano  "
"Sandra  ","Méndez  "
"Gabriel  ","Valdez  "
"Begoña  ","Peña  "
"Iván  ","Sandoval  "
"Clara  ","Navarro  "
"César  ","Maldonado  "
"Marta  ","Vega  "
"Hugo  ","Soto  "
"Laura  ","Paredes  "
"Félix  ","Cabrera  "
"Alicia  ","Espinoza  "
"Ernesto  ","Bautista  "
"Elena  ","Cárdenas  "
"Rodrigo  ","Salazar  "
"Patricia  ","Vázquez  "
"Rafael  ","Orozco  "
"Silvia  ","Ponce  "
"Andrés  ","Solís  "
"Marta  ","Aguilera  "
"Vicente  ","Escobar"
"Teresa  ","Álvarez  "
"Adrián  ","Torres  "
"Inés  ","Ramírez  "
"Joaquín  ","Flores  "
"Carmen  ","Cruz  "
"Teodoro  ","Herrera  "
"Begoña  ","Romero  "
"Ismael  ","Ruiz  "
"Julia  ","Moreno  "
"Eduardo  ","Ortiz  "
"Nuria  ","Gutiérrez  "
"Rubén  ","Jiménez  "
"Alicia  ","Castro  "
"Martín  ","Soto  "
"Elena  ","Silva  "
"Jesús  ","Vargas  "
"Clara  ","Rojas  "
"Raúl  ","Mendoza  "
"Marta  ","Guerrero  "
"Federico  ","Aguilar  "
"Patricia  ","Morales  "
"Francisco  ","Molina  "
"Eva  ","Castillo  "
"Daniel  ","Ríos  "
"Inés  ","Campos  "
"Alberto  ","Delgado  "
"Sandra  ","Reyes  "
"César  ","Ramos  "
"Yolanda  ","Serrano  "
"Gabriel  ","Méndez  "
"Laura  ","Valdez  "
"Iván  ","Peña  "
"Marta  ","Sandoval  "
"Joaquín  ","Navarro  "
"Alicia  ","Maldonado  "
"Ernesto  ","Vega  "
"Elena  ","Soto  "
"Hugo  ","Paredes  "
"Beatriz  ","Cabrera  "
"Félix  ","Espinoza  "
"Clara  ","Bautista  "
"Gabriel  ","Cárdenas  "
"Patricia  ","Salazar  "
"Andrés  ","Vázquez  "
"Marta  ","Orozco  "
"Rodrigo  ","Ponce  "
"Inés  ","Espinoza  "
"Rafael  ","Bautista  "
"Julia  ","Cárdenas  "
"Vicente  ","Salazar  "
"Silvia  ","Vázquez  "
"Adrián  ","Orozco  "
"Teresa","Ponce  "
"Francisco  ","Solís  "
"Eva  ","Aguilera  "
"Daniel  ","Escobar"
"Inés  ","Álvarez  "
"Alberto  ","Torres  "
"Sandra  ","Ramírez  "
"César  ","Flores  "
"Yolanda  ","Cruz  "
"Gabriel  ","Herrera  "
"Laura  ","Romero  "
"Iván  ","Ruiz  "
"Marta  ","Moreno  "
"Joaquín  ","Ortiz  "
"Alicia  ","Gutiérrez  "
"Ernesto  ","Jiménez  "
"Elena  ","Castro  "
"Hugo  ","Soto  "
"Beatriz  ","Silva  "
"Félix  ","Vargas  "
"Clara  ","Rojas  "
"Gabriel  ","Mendoza  "
"Patricia  ","Guerrero  "
"Francisco  ","Aguilar  "
"Elena  ","Morales  "
"Daniel  ","Molina  "
"Patricia  ","Castillo  "
"Rubén  ","Ríos  "
"Marta  ","Campos  "
"Federico  ","Delgado  "
"Inés  ","Reyes  "
"Alberto  ","Ramos  "
"Julia  ","Serrano  "
"Joaquín  ","Méndez  "
"Sandra  ","Valdez  "
"Gabriel  ","Peña  "
"Begoña  ","Sandoval  "
"Iván  ","Navarro  "
"Clara  ","Maldonado  "
"César  ","Vega  "
"Marta  ","Soto  "
"Hugo  ","Paredes  "
"Laura  ","Cabrera  "
"Félix  ","Espinoza  "
"Alicia  ","Bautista  "
"Ernesto  ","Navarro  "
"Elena  ","Maldonado  "
"Rodrigo  ","Vega  "
"Patricia  ","Soto  "
"Rafael  ","Paredes  "
"Silvia  ","Cabrera  "
"Andrés  ","Espinoza  "
"Marta  ","Bautista  "
"Vicente  ","Cárdenas  "
"Teresa  ","Salazar  "
"Adrián  ","Vázquez  "
"Inés  ","Orozco  "
"Joaquín  ","Ponce  "
"Carmen  ","Solís  "
"Teodoro  ","Aguilera  "
"Begoña  ","Escobar  "
"Ismael  ","Domínguez  "
"Julia  ","Luna  "
"Eduardo  ","Medina  "
"Nuria  ","Guzmán  "
"Rubén  ","Chávez  "
"Alicia  ","Fuentes  "
"Martín  ","Soto  "
"Elena  ","Campos  "
"Jesús  ","Flores  "
"Eva  ","Mendoza  "
"Adrián  ","Guerrero  "
"Sandra  ","Morales  "
"Alberto  ","Castillo  "
"Irene  ","Vargas  "
"Pablo  ","Herrera  "
"Carmen  ","Ramírez  "
"Marcos  ","Ruiz  "
"Cristina  ","Gutiérrez  "
"Rafael  ","Jiménez  "
"Begoña  ","Castro  "
"Santiago  ","Silva  "
"Pilar  ","Torres  "
"Daniel  ","Reyes  "
"Ángela  ","Cabrera  "
"Vicente  ","Romero  "
"Marta  ","Serrano  "
"Hugo  ","Ríos  "
"Yolanda  ","Reyes  "
"Diego  ","Delgado  "
"Alicia  ","Ramos  "
"Mario  ","Serrano  "
"Nuria  ","Méndez  "
"Gonzalo  ","Valdez  "
"Isabel  ","Peña  "
"Óscar  ","Sandoval  "
"Rosa  ","Navarro  "
"Alfredo  ","Maldonado  "
"Inés  ","Vega  "
"Arturo  ","Soto  "
"Paula  ","Paredes  "
"Samuel  ","Cabrera  "
"Laura  ","Espinoza  "
"Joaquín  ","Bautista  "
"Sonia  ","Cárdenas  "
"Raúl  ","Salazar  "
"Andrea  ","Vázquez  "
"Eduardo  ","Orozco  "
"Teresa  ","Ponce  "
"Felipe  ","Solís  "
"Beatriz  ","Aguilera  "
"Mateo  ","Escobar  "
"Elena  ","Domínguez  "
"Iván  ","Luna  "
"Patricia  ","Medina  "
"Julián  ","Guzmán  "
"Lucía  ","Chávez  "
"Rubén  ","Fuentes  "
"Silvia  ","Soto  "
"Hugo  ","Campos  "
"Irene  ","Flores  "
"Leandro  ","Paredes  "
"Clara  ","Rojas  "
"Damián  ","Mendoza  "
"Ana  ","Guerrero  "
"Álvaro  ","Morales  "
"Eva  ","Castillo  "
"Cristian  ","Vargas  "
"Carmen  ","Herrera  "
"David  ","Ramírez  "
"Marta  ","Ruiz  "
"Ezequiel  ","Gutiérrez  "
"Begoña  ","Jiménez  "
"Ernesto  ","Castro  "
"Julia  ","Silva  "
"César  ","Torres  "
"Yolanda  ","Reyes  "
"Martín  ","Cabrera  "
"Alicia  ","Romero  "
"Rafael  ","Serrano  "
"Raquel  ","Ríos  "
"Gabriel  ","Reyes  "
"Sandra  ","Delgado  "
"Víctor  ","Ramos  "
"Nuria  ","Serrano  "
"Ismael  ","Méndez  "
"Inés  ","Valdez  "
"Juan  ","Peña  "
"Sonia  ","Sandoval  "
"Adrián  ","Navarro  "
"Elena  ","Maldonado  "
"Guillermo  ","Vega  "
"Beatriz  ","Soto  "
"Félix  ","Paredes  "
"Laura  ","Cabrera  "
"Marcelo  ","Espinoza  "
"Patricia  ","Bautista  "
"Ricardo  ","Cárdenas  "
"Marta  ","Salazar  "
"Teodoro  ","Vázquez  "
"Silvia  ","Orozco  "
"Manuel  ","Ponce  "
"Lucía  ","Solís  "
"Jesús  ","Aguilera  "
"Clara  ","Escobar  "
"Nicolás  ","Domínguez  "
"Carmen  ","Luna  "
"Luis  ","Medina  "
"Eva  ","Guzmán  "
"Álvaro  ","Chávez  "
"Teresa  ","Fuentes  "
"Juan  ","Gonzalés"
